<?xml version="1.0" ?>
	<mosinstall version="4.5.1" type="mambot" group="editors"> 
		<name>WysiwygPro</name>
		<version>1.1 for Mambo 4.5.1 - 4.5.2 with WP 2.2.5</version>
		<creationDate>March 2005</creationDate>
		<author>Chris Bolt</author>
		<authorEmail>chris@wysiwygpro.com</authorEmail>
		<authorUrl>http://www.wysiwygpro.com</authorUrl>
		<copyright>Chris Bolt</copyright>
		<license>WysiwygPro http://www.wysiwygpro.com/Orders/licensing.htm</license>
		<description>WysiwygPro is a cross browser and cross platform HTML WYSIWYG 
			editing component for PHP.</description>
		<files> 
			<filename mambot="wysiwygpro">wysiwygpro.php</filename>
		</files>
		<params> 
			<param name="fixed_width" type="list" default="0" label="Use Fixed Width" description="Enable this option if your template design does not allow enough width for the editor."> 
				<option value="1">On</option>
				<option value="0">Off</option>
			</param>
			<param name="html_version" type="list" default="1" label="HTML Output" description="The HTML specification that generated HTML should conform to."> 
				<option value="1">XHTML 1.0 Transitional</option>
				<option value="0">HTML 4.01 Transitional</option>
			</param>
			<param name="line_returns" type="list" default="1" label="Line Returns" description="Whether to use P tags or DIV tags when you press enter."> 
				<option value="1">&amp;lt;P&amp;gt;</option>
				<option value="0">&amp;lt;DIV&amp;gt;</option>
			</param>
			<param name="full_urls" type="list" default="1" label="URL Schema" description="Whether to use full or relative URLs."> 
				<option value="1">Use full URLs</option>
				<option value="0">Use relative URLs</option>
			</param>
			<param name="content_links" type="list" default="1" label="Content Links" description="If enabled you will be able to select from a list of direct links to content items when creating a hyperlink."> 
				<option value="1">On</option>
				<option value="0">Off</option>
			</param>
			<param name="image_manager" type="list" default="1" label="Image Manager" description="Whether to use the full image file manager or just the image properties editor."> 
				<option value="1">On</option>
				<option value="0">Off</option>
			</param>
			<param name="permissions" type="list" default="0" label="User Permissions" description="If the image manager is enabled this sets whether users can upload and delete images."> 
				<option value="2">Full Permissions</option>
				<option value="1">Read and Upload</option>
				<option value="0">Read Only</option>
			</param>
			<param name="document_types" type="text" size="40" default=".html, .htm, .pdf, .doc, .rtf, .txt, .xl, .xls, .ppt, .pps, .zip, .tar, .swf, .wmv, .rm, .mov, .jpg, .jpeg, .gif, .png" label="Allowed Document Types" description="Document file types that are allowed for upload, separate with a comma."/>
			<param name="max_document_size" type="text" size="40" default="2000000" label="Max Document Size" description="The maximum allowed size of uploaded documents specified in bytes."/>
			<param name="image_types" type="text" size="40" default=".jpg, .jpeg, .gif, .png" label="Allowed Image Types" description="Image file types that are allowed for upload, separate with a comma."/>
			<param name="max_image_size" type="text" size="40" default="80000" label="Max Image Size" description="The maximum allowed size of uploaded images specified in bytes."/>
			<param name="max_image_width" type="text" size="10" default="500" label="Max Image Width" description="The maximum allowed width of uploaded images specified in pixels."/>
			<param name="max_image_height" type="text" size="10" default="500" label="Max Image Height" description="The maximum allowed height of uploaded images specified in pixels."/>
			<param name="stylesheet" type="text" size="40" default="" label="Stylesheet URL" description="The URL of the stylesheet you want WysiwygPro to use to render HTML. Leave blank for automatic detection of your default template stylesheet."/>
			<param name="colors" type="text" size="40" default="" label="Color Swatches" description="A comma separated list of color swatches to appear on the color picker. Leave blank for the default set. Example: #fffff2, #f2f2f2"/>
			<param name="formats" type="text" size="40" default="" label="Formats" description="A comma separated list of format tags for the format menu. Leave blank for the default set. Example: p, h1, h2, h3"/>
			<param name="fonts" type="text" size="40" default="" label="Fonts" description="A semi-colon separated list of fonts for the font menu. Leave blank for the default set. This list is semi-colon separated so that you can use a comma to separate alternative fonts. Example: Verdana, Arial, Helvetica, sans-serif; Arial, Helvetica, sans-serif; Webdings"/>
			<param name="sizes" type="text" size="40" default="" label="Font Sizes" description="A comma separated list of font sizes (numbers from 1-7) for the font size menu. Leave blank for the default set. Example: 1, 2, 3, 4"/>
			<param name="classes" type="text" size="40" default="" label="Classes" description="A comma separated list of classes for the class menu. Leave blank to disable this feature. Some classes used by Mambo are: small, smalldark, contentheading, componentheading, moscode, message"/>
			<param name="snippet1_html" type="textarea" cols="38" rows="5" default="" label="Snippet 1 HTML" description="A snippet of HTML code which you use often so would like available on the Insert a Custom Object tool."/>
			<param name="snippet1_label" type="text" size="40" default="" label="Snippet 1 Label" description="Label for Snippet 1 so that you can quickly identify it."/>
			<param name="snippet2_html" type="textarea" cols="38" rows="5" default="" label="Snippet 2 HTML" description="A snippet of HTML code which you use often and would like available on the Insert a Custom Object tool."/>
			<param name="snippet2_label" type="text" size="40" default="" label="Snippet 2 Label" description="Label for Snippet 2 so that you can quickly identify it."/>
			<param name="snippet3_html" type="textarea" cols="38" rows="5" default="" label="Snippet 3 HTML" description="A snippet of HTML code which you use often and would like available on the Insert a Custom Object tool."/>
			<param name="snippet3_label" type="text" size="40" default="" label="Snippet 3 Label" description="Label for Snippet 3 so that you can quickly identify it."/>
			<param name="snippet4_html" type="textarea" cols="38" rows="5" default="" label="Snippet 4 HTML" description="A snippet of HTML code which you use often and would like available on the Insert a Custom Object tool."/>
			<param name="snippet4_label" type="text" size="40" default="" label="Snippet 4 Label" description="Label for Snippet 4 so that you can quickly identify it."/>
			<param name="snippet5_html" type="textarea" cols="38" rows="5" default="" label="Snippet 5 HTML" description="A snippet of HTML code which you use often and would like available on the Insert a Custom Object tool."/>
			<param name="snippet5_label" type="text" size="40" default="" label="Snippet 5 Label" description="Label for Snippet 5 so that you can quickly identify it."/>
			<param name="toolbar1" type="list" default="1" label="Toolbar 1" description="The entire first toolbar"> 
				<option value="1">On</option>
				<option value="0">Off</option>
			</param>
			<param name="toolbar2" type="list" default="1" label="Toolbar 2" description="The entire second toolbar"> 
				<option value="1">On</option>
				<option value="0">Off</option>
			</param>
			<param name="tab" type="list" default="1" label="View Tabs" description="The tabs for switching between views"> 
				<option value="1">On</option>
				<option value="0">Off</option>
			</param>
			<param name="html" type="list" default="1" label="HTML Tab" description="The HTML Source tab"> 
				<option value="1">On</option>
				<option value="0">Off</option>
			</param>
			<param name="preview" type="list" default="1" label="Preview Tab" description="The Preview tab"> 
				<option value="1">On</option>
				<option value="0">Off</option>
			</param>
			<param name="print" type="list" default="1" label="Print Button" description=""> 
				<option value="1">On</option>
				<option value="0">Off</option>
			</param>
			<param name="find" type="list" default="1" label="Find and Replace Button" description=""> 
				<option value="1">On</option>
				<option value="0">Off</option>
			</param>
			<param name="spacer1" type="list" default="1" label="Spacer 1" description=""> 
				<option value="1">On</option>
				<option value="0">Off</option>
			</param>
			<param name="spasteword" type="list" default="1" label="Paste From Word Button" description=""> 
				<option value="1">On</option>
				<option value="0">Off</option>
			</param>
			<param name="spacer2" type="list" default="1" label="Spacer 2" description=""> 
				<option value="1">On</option>
				<option value="0">Off</option>
			</param>
			<param name="undo" type="list" default="1" label="Undo Button" description=""> 
				<option value="1">On</option>
				<option value="0">Off</option>
			</param>
			<param name="redo" type="list" default="1" label="Redo Button" description=""> 
				<option value="1">On</option>
				<option value="0">Off</option>
			</param>
			<param name="spacer3" type="list" default="1" label="Spacer 3" description=""> 
				<option value="1">On</option>
				<option value="0">Off</option>
			</param>
			<param name="tbl" type="list" default="1" label="Table Editing and Insertion" description="All table editing and insertion features."> 
				<option value="1">On</option>
				<option value="0">Off</option>
			</param>
			<param name="edittable" type="list" default="1" label="Table Editing" description="If set to Off this will remove the table editing buttons but leave the Insert Table button."> 
				<option value="1">On</option>
				<option value="0">Off</option>
			</param>
			<param name="spacer4" type="list" default="1" label="Spacer 4" description=""> 
				<option value="1">On</option>
				<option value="0">Off</option>
			</param>
			<param name="image" type="list" default="1" label="Image Button" description=""> 
				<option value="1">On</option>
				<option value="0">Off</option>
			</param>
			<param name="smiley" type="list" default="1" label="Smiley Button" description=""> 
				<option value="1">On</option>
				<option value="0">Off</option>
			</param>
			<param name="ruler" type="list" default="1" label="Horizontal Rule Button" description=""> 
				<option value="1">On</option>
				<option value="0">Off</option>
			</param>
			<param name="link" type="list" default="1" label="Hyperlink Button" description=""> 
				<option value="1">On</option>
				<option value="0">Off</option>
			</param>
			<param name="document" type="list" default="1" label="Link to a Document Button" description=""> 
				<option value="1">On</option>
				<option value="0">Off</option>
			</param>
			<param name="bookmark" type="list" default="1" label="Bookmark (named anchor) Button" description=""> 
				<option value="1">On</option>
				<option value="0">Off</option>
			</param>
			<param name="special" type="list" default="1" label="Special Characters Button" description=""> 
				<option value="1">On</option>
				<option value="0">Off</option>
			</param>
			<param name="format" type="list" default="1" label="Format menu" description=""> 
				<option value="1">On</option>
				<option value="0">Off</option>
			</param>
			<param name="font" type="list" default="1" label="Font menu" description=""> 
				<option value="1">On</option>
				<option value="0">Off</option>
			</param>
			<param name="size" type="list" default="1" label="Font Size menu" description=""> 
				<option value="1">On</option>
				<option value="0">Off</option>
			</param>
			<param name="spacer5" type="list" default="1" label="Spacer 5" description=""> 
				<option value="1">On</option>
				<option value="0">Off</option>
			</param>
			<param name="bold" type="list" default="1" label="Bold Button" description=""> 
				<option value="1">On</option>
				<option value="0">Off</option>
			</param>
			<param name="italic" type="list" default="1" label="Italic Button" description=""> 
				<option value="1">On</option>
				<option value="0">Off</option>
			</param>
			<param name="underline" type="list" default="1" label="Underline Button" description=""> 
				<option value="1">On</option>
				<option value="0">Off</option>
			</param>
			<param name="spacer6" type="list" default="1" label="Spacer 6" description=""> 
				<option value="1">On</option>
				<option value="0">Off</option>
			</param>
			<param name="left" type="list" default="1" label="Justify Left Button" description=""> 
				<option value="1">On</option>
				<option value="0">Off</option>
			</param>
			<param name="center" type="list" default="1" label="Justify Center Button" description=""> 
				<option value="1">On</option>
				<option value="0">Off</option>
			</param>
			<param name="right" type="list" default="1" label="Justify Right Button" description=""> 
				<option value="1">On</option>
				<option value="0">Off</option>
			</param>
			<param name="full" type="list" default="0" label="Justify Full Button" description=""> 
				<option value="1">On</option>
				<option value="0">Off</option>
			</param>
			<param name="spacer7" type="list" default="1" label="Spacer 7" description=""> 
				<option value="1">On</option>
				<option value="0">Off</option>
			</param>
			<param name="ol" type="list" default="1" label="Ordered (numbered) list Button" description=""> 
				<option value="1">On</option>
				<option value="0">Off</option>
			</param>
			<param name="ul" type="list" default="1" label="Unordered list Button" description=""> 
				<option value="1">On</option>
				<option value="0">Off</option>
			</param>
			<param name="indent" type="list" default="1" label="Indent Button" description=""> 
				<option value="1">On</option>
				<option value="0">Off</option>
			</param>
			<param name="outdent" type="list" default="1" label="Outdent Button" description=""> 
				<option value="1">On</option>
				<option value="0">Off</option>
			</param>
			<param name="spacer8" type="list" default="1" label="Spacer 8" description=""> 
				<option value="1">On</option>
				<option value="0">Off</option>
			</param>
			<param name="color" type="list" default="1" label="Font Color Button" description=""> 
				<option value="1">On</option>
				<option value="0">Off</option>
			</param>
			<param label="Font&amp;nbsp;Highlight&amp;nbsp;Button" description="" name="highlight" default="1" type="list"> 
				<option value="1">On</option>
				<option value="0">Off</option>
			</param>
		</params>
	</mosinstall>