<markers>

<marker lat="49.883" lng="-97.167" 
  title="http://learn.uwinnipeg.ca/portal" country="ca" 
  text="University of Winnipeg"
  status="Sakai Partner" color="green"/>

<marker                                                                         
  lat="42.256423774909216" lng="-72.57618248462677"                             
  title="http://ella.mtholyoke.edu"                                            
  country="us"                                                                  
  status="Sakai Partner in pilot"                                               
  text="Mount Holyoke College"                                                  
  color="green" />  

<marker color="yellow"
   lat="38.8225909761771"
   lng="113.5546875"
   status="GUCAS is using Sakai as a research collaboration environment"
   text="EU - Asia Link Program - (HPC/GC)"
   title="http://hpgc.gucas.cn/"
   country="cn" />

<marker lat="33.564" lng="-111.984"
 status="Production Sakai Service"
  text="rSmart - My Sakai" 
  title="http://www.mysakai.com"
  color="orange" 
  country="us"  />

<marker 
  lat="52.245460541432486" lng="6.851348876953125" 
  title="http://www.sakai-pilot.utwente.nl"
  country="nl" 
  status="Sakai Partner in pilot" 
  text="University of Twente" 
  color="green" />

<marker lat="52.16814123636245" lng="4.517097473144531"
 status="Pilot"
  text="Leidse Onderwijsinstellingen" title="http://www.loi.nl"
 color="yellow" country="nl"  />

<marker 
  lat="40.007730174396315" lng="-83.04895877838135" title="http://ospilot.oln.org" country="us" 
  status="Sakai Partner in pilot" text="Ohio Learning Network" color="purple" />

<marker lat="42.30543561601805" lng="-83.06541681289673" title="http://lms.uwindsor.ca/portal" country="ca" text="University of Windsor production system." color="yellow" />

<marker lat="37.34395908944491" lng="-125.299072265625" title="http://www.sakaiproject.org" country="zz" text="Oracle, Apple, and Sun are commercial partners in the bay area - zoom in to see all three" color="orange" />

<marker lat="36.19109202182452" lng="-109.676513671875" title="http://www.sakaiproject.org" country="zz" text="rSmart, and Unicon are commercial partners in the Phoenix, AZ area - zoom in to see both partners" color="orange" />

<marker lat="33.76773195605407" lng="-84.35165405273438" title="http://www.sakaiproject.org" country="zz" text="Atalnta, Georgia is the site of the next Sakai Conference, December 2006" color="white" />

<marker lat="-36.0468782804617" lng="146.97114944458008" title="http://www.csu.edu.au/"
  status="In Production"  color="blue" 
  text="The Interact system at Charles Sturt (interact.csu.edu.au) is used for Research Collaboration" 
  country="au" />

<marker lat="55.655001364458364" lng="12.139227390289307" title="http://ecampus.ruc.dk"
  text="Roskilde Universitetscenter" status="Sakai Partner in Production" 
  color="blue" country="dk" />

<marker  lat="41.613645577064105" lng="0.6193435192108154" title="http://cv.udl.es/portal"  
   country="us"  status="Sakai Partner in production"  text="Universitat de Lleida"  color="blue" />

<marker lat="37.36251701774281" lng="-120.42612075805664" title="https://ucmcrops.ucmerced.edu/portal"
   text="UC Merced" country="us" status="Sakai Partner in Production" color="blue" />

<marker lat="33.417877" lng="-111.932332" title=" https://sakai.asu.edu" text="ASU Sakai Pilot"
    status="Sakai partner in pilot" color="green" country="us" />

<marker lat="33.4208753223261" lng="-111.93871021270752" title=" https://sapp.ideal.azed.gov/portal"
  text="Arizona Department Of Education-Arizona State University CLE. Fall 06: 1 million preK-12 students. 70,000 Arizona teachers"
  status="Sakai partner in production" color="blue" country="us" /> 

<marker lat="37.36213328351577" lng="-122.12915182113647" 
  title="http://etudes-ng.fhda.edu/portal" 
 text="ETudes is a consortium of 35 community colleges using Sakai" 
 status="Sakai Partner in Production" color="blue" country="us"/>

<marker lat="39.16700255163836" lng="-86.52577757835388" title="https://oncourse.iu.edu/" country="us"
   text="Oncourse supports more than 100,000 users daily" status="Sakai Partner in Production" color="blue"/>

<marker lat="42.29096106747343" lng="-83.71745109558105" title="http://ctools.umich.edu/" 
  text="CTools has over 50,000 users and is used for both teaching and research."  country="us" status="Sakai Partner in Production" color="blue"/>

<marker lat="29.875" lng="-97.9502" title="http://tracs.txstate.edu/" country="us" status="Sakai in production" color="blue"/>

<marker lat="38.9348" lng="-77.0354" title="http://demo.osportfolio.org/portal/" country="us" status="Sakai in production" color="blue"/>

<marker lat="40.4873" lng="-74.4497" title="http://sakai.rutgers.edu/" country="us" status="Sakai partner in production" color="blue"/>

<!-- Pilot -->

<marker lat="34.25" lng="135.133" title="https://sakai.ulan.jp" country="jp" status="Sakai partner in pilot" color="green" />
<marker lat="53.52" lng="10.41" title="http://sakai.oncampus.de/portal"
  text="Lubeck University of Applied Scienc"
  country="de" status="Sakai partner in pilot" color="green" />

<!-- was http://deken.ic.uva.nl/portal -->

<marker lat="52.37458165397" lng="4.887005727275" title="http://sakai.ic.uva.nl/portal" 
  text="Universiteit van Amsterdam, SURF" country="nl" status="Sakai partner in pilot" color="green" />

<marker lat="34.1276" lng="-117.715" title="http://sakai.claremont.edu:8080/portal" 
  text="The Claremont Colleges: Claremont Graduate University, Claremont McKenna College, Harvey Mudd College, Keck Graduate Institute, Pitzer College, Pomona College, Scripps College"
  country="us" status="Using Sakai" color="yellow"/>

<marker lat="42.053117" lng="-87.673988" title="http://arch.northwestern.edu/portal"
   text="Northwestern University" country="us" status="Production" color="blue" />

<marker lat="-35.283" lng="149.217" title="http://sakai.anu.edu.au/" country="au" status="Sakai partner in pilot" color="green"/>
<marker lat="14.633" lng="-90.517" title="http://sakai.uvg.edu.gt/" country="gt" status="Sakai pilot" color="yellow"/>

<marker lat="34.1276" lng="-117.715" title="http://sakai.claremont.edu:8080/portal" 
 text="The Claremont Colleges: Claremont Graduate University, Claremont McKenna College, Harvey Mudd College, Keck Graduate Institute, Pitzer College, Pomona College, Scripps College"
 country="us" status="Using Sakai" color="yellow"/>
 
<marker lat="42.053117" lng="-87.673988"
   title="http://arch.northwestern.edu/portal"
   text="Northwestern University"
   country="us"
     status="Sakai partner in pilot" color="green" />

<marker lat="-35.283" lng="149.217" title="http://sakai.anu.edu.au/" country="au" status="Sakai partner in pilot" color="green"/>
<marker lat="14.633" lng="-90.517" title="http://sakai.uvg.edu.gt/" country="gt" status="Sakai pilot" color="yellow"/>
<marker lat="21.3084" lng="-157.846" title="http://eportfolio.kcc.hawaii.edu/" country="us" status="Using Sakai" color="yellow"/>
<marker lat="22.283" lng="114.15" title="http://lmes2.ust.hk/" country="hk" status="Sakai partner in pilot" color="green"/>
<marker lat="27.3595" lng="-82.5012" title="https://ontario.rsad.edu/portal" country="us" status="Using Sakai" color="yellow"/>
<marker lat="29.5614" lng="-98.4126" title="http://sakai.trinity.edu/" country="us" status="Using Sakai" color="yellow"/>
<marker lat="29.7716" lng="-95.393" title="https://owlspace-ccm.rice.edu/portal" country="us" status="Sakai partner in pilot" color="green"/>
<marker lat="33.4979" lng="-112.081" title="http://www.osnext.org/" country="us" status="Sakai partner in pilot" color="green"/>

<marker lat="33.88619934077726" lng="-118.09751272201538"
  title="http://talonnet.cerritos.edu/portal/" country="us" status="Sakai Partner in Production"
  text="Cerritos Community College" color="blue" />

<marker lat="34.0724" lng="-118.4418" title="http://sakai.ucla.edu/portal"
    text="UCLA's pilot Sakai installation" country="us"    status="Sakai partner in pilot" color="green"/>
<marker lat="34.1928" lng="-119.176" title="http://sakai.oxnardcollege.edu/" country="us" status="Using Sakai" color="yellow"/>
<marker lat="37.21057576283389" lng="-80.41502952575684" title="http://eportfolio.scholar.vt.edu/" country="us" status="Sakai partner in pilot" color="green"/>

<marker lat="37.20479936413613" lng="-80.4009532928466"
  title="http://collab.sakaiproject.org" country="us" 
  status="Sakai Partner in Production" color="red" 
  text="Sakai's Collaboration Server Hosted by Virginia Tech" />

<marker lat="37.42566996317141" lng="-122.16737866401672" title="http://coursework-pilot.stanford.edu/" country="us" status="Sakai partner in production" color="blue"/>
<marker lat="37.87040711546537" lng="-122.26031184196472" 
   title="https://bspace.berkeley.edu/portal" country="us" 
   status="Production - 26000 users in Sakai as of Sept 2006" color="blue"/>
<marker lat="36.1543" lng="-115.17" title="http://sakai.ccsn.edu/portal" country="us" status="Using Sakai" color="yellow"/>
<marker lat="38.8448" lng="-77.0954" title="http://webcenter.msi-alliance.org/portal" country="us" status="Using Sakai" color="yellow"/>
<marker lat="38.8748" lng="-77.0354" title="http://ospi.longsight.com/" country="us" status="Using Sakai" color="yellow"/>
<marker lat="38.8748" lng="-77.9754" title="http://tltc.optimizedlearn.com/portal" country="us" status="Using Sakai" color="yellow"/>
<marker lat="38.9048" lng="-77.0054" title="http://sakai.longsight.com/portal" country="us" status="Using Sakai" color="yellow"/>
<marker lat="40.8148" lng="-81.3767" title="http://sakai.walsh.edu/" country="us" status="Using Sakai" color="yellow"/>
<marker lat="37.9709" lng="-121.293" title="http://sakai.pacific.edu/portal/" country="us" status="Using Sakai" color="yellow"/>
<marker lat="33.4979" lng="-112.081" title="http://sakai.wofford.edu/portal" country="us" status="Using Sakai" color="yellow"/>
<marker lat="38.9424" lng="-92.3145" title="https://sakai.missouri.edu/portal" country="us" status="Sakai partner in pilot" color="green"/>
<marker lat="38.9648" lng="-77.0054" title="http://tltc-osp.optimizedlearn.com/portal" country="us" status="Using Sakai" color="yellow"/>
<marker lat="37.575" lng="-84.2637" title="http://lamp.acaweb.org/" country="us" status="Using Sakai" color="yellow"/>
<marker lat="39.16736854956039" lng="-86.53600215911865" title="http://test.oncourse.iu.edu/" country="us" status="Sakai iin production" color="blue"/>
<marker lat="39.8643" lng="-86.1477" title="http://qa3-us.sakaiproject.org/" country="us" status="Sakai Foundation QA System" color="red"/>
<marker lat="39.986" lng="-82.988" title="http://coeportfolio.coe.ohio-state.edu/" country="us" status="Sakai partner in pilot" color="green"/>
<marker lat="40.1211" lng="-88.2629" title="http://crashbox.lis.uiuc.edu/portal" country="us" status="Sakai partner in pilot" color="green"/>

<marker
  lat="40.731145066213685" lng="-73.99699687957764"
  title="http://www.nyu.edu"
  country="us"
  status="Sakai Partner in pilot"
  text="New York University"
  color="purple" />

<marker lat="40.8082" lng="-73.9618" title="http://sakaipilot.cc.columbia.edu" 
  text="Columbia University" country="us"    status="Sakai partner in pilot" color="green"/>

<marker lat="41.1731303241809" lng="-8.611135482788086" title="http://elearning.ufp.pt/" 
    text="Unversidade Fernando Pessoa" country="pt" 
    status="Sakai partner in production (5000 students)" color="blue"/>

<marker lat="41.3095" lng="-72.9276" title="http://classesv2.yale.edu/" country="us" status="Sakai partner in production" color="blue"/>
<marker lat="41.3188" lng="-81.3369" title="https://courses.hiram.edu/portal" country="us" status="Using Sakai" color="yellow"/>
<marker lat="41.55" lng="-96.1873" title="http://sakai2.dana.edu/portal" country="us" status="Using Sakai" color="yellow"/>
<marker lat="41.7879" lng="-81.0546" title="http://ilearn.lec.edu/" text="Lake Erie College" country="us" status="Using Sakai" color="yellow"/>
<marker lat="41.8231" lng="-71.4204" title="http://portfolio.chariho.k12.ri.us/" country="us" status="Using Sakai" color="yellow"/>
<marker lat="42.28861181380811" lng="-83.72800827026367" title="http://garden.dmc.dc.umich.edu/portal" country="us" status="Sakai QA system" color="red"/>
<marker lat="42.27692773757575" lng="-83.73787879943848" title="http://www.maclearningenvironments.org/" country="us" status="Sakai partner in pilot" color="green"/>
<marker lat="42.3535" lng="-71.0627" title="http://qa1-us.sakaiproject.org/" country="us" status="Sakai Foundation QA System" color="red"/>

<marker lat="42.35331122051394" lng="-71.11896514892578" title="http://sakai.bu.edu/" country="us" status="Sakai partner in pilot" color="green"/>
<marker lat="44.4726" lng="-93.1785" title="https://sakai.carleton.edu/portal" country="us" status="Sakai partner in pilot" color="green"/>
<marker lat="45.5093" lng="-122.689" title="http://samla.pdx.edu/portal/" country="us" status="Sakai partner in pilot" color="blue"/>

<marker lat="46.07270961255675"  lng="-118.3292555809021" 
    title="https://cleo.whitman.edu/portal/" country="us" 
    status="Sakai partner in production" color="blue"/>

<marker lat="47.2272" lng="-122.449" title="http://sakai.plu.edu/portal" country="us" status="Sakai partner in pilot" color="green"/>
<marker lat="50.809" lng="-1.07" title="http://thresher.mech.port.ac.uk/portal" country="uk" status="Using Sakai" color="yellow"/>
<marker lat="52.175" lng="0.144" title="http://qa1-uk.sakaiproject.org:9085/portal" country="uk" status="Sakai Foundation QA System" color="red"/>
<marker lat="52.20194224761514" lng="0.1166224479675293" title="https://camtools.caret.cam.ac.uk/portal" country="uk" status="Sakai in production" color="blue"/>
<marker lat="52.235" lng="0.144" title="http://groups.tlrp.org/" country="uk" status="Sakai in production" color="blue"/>
<marker lat="55.85257707574302" lng="-4.2606353759765625" title="http://blueridge.gcal.ac.uk/portal" country="uk" status="Using Sakai" color="yellow"/>
<marker lat="63.833" lng="20.25" title="http://sakai.informatik.umu.se/" country="se" status="Using Sakai" color="yellow"/>
<marker lat="55.78053120570189" lng="-4.047174453735352" title="http://pdp.bell.ac.uk" 
  country="uk" status="Sakai Server" text="Bell College" color="yellow" />

<marker lat="42.7287936982978" lng="-84.48040008544922" title="http://www.msu.edu" country="us" status="Sakai Partner" text="Michigan State University" color="purple" />
<marker lat="42.65315192577889" lng="-73.77503871917725" title="http://sakai.amc.edu" country="us" status="Sakai Partner in Production" text="Albany Medical College" color="green" />
<marker lat="42.6612" lng="-73.7689" title="http://www.suny.edu" country="us" status="Sakai Partner" text="State University of New York System Administration" color="purple" />
<marker lat="41.8231" lng="-71.4204" title="http://www.brown.edu" country="us" status="Sakai Partner" text="Brown University" color="purple" />
<marker lat="37.6949" lng="-122.466" title="http://www.carnegiefoundation.org" country="us" status="Sakai Partner" text="Carnegie Foundation for the Advancement of Teaching" color="purple" />
<marker lat="40.3484" lng="-79.9221" title="http://www.cmu.edu" country="us" status="Sakai Partner" text="Carnegie Mellon University" color="purple" />
<marker lat="-33.883" lng="151.217" title="http://www.csu.edu.au" country="au" status="Sakai Partner" text="Charles Sturt University" color="purple" />
<marker lat="42.4402" lng="-76.4922" title="http://www.cornell.edu" country="us" status="Sakai Partner" text="Cornell University" color="purple" />
<marker lat="43.7256" lng="-72.2368" title="http://www.dartmouth.edu" country="us" status="Sakai Partner" text="Dartmouth University" color="purple" />
<marker lat="30.1969" lng="-81.6279" title="http://www.edgenicslearnig.org" country="us" status="Sakai Partner" text="Edgeenics" color="purple" />
<marker lat="30.1969" lng="-81.6279" title="http://www.fccj.org" country="us" status="Sakai Partner" text="Florida Community College at Jacksonville" color="purple" />
<marker lat="39.986" lng="-82.988" title="http://www.franklin.edu" country="us" status="Sakai Partner" text="Franklin University" color="purple" />
<marker lat="38.9048" lng="-77.0354" title="http://www.georgetown.edu" country="us" status="Sakai Partner" text="Georgetown University" color="purple" />
<marker lat="42.377441423897196" lng="-71.11810684204102" title="http://www.harvard.edu" country="us" status="Sakai Partner" text="Harvard University" color="purple" />
<marker lat="35.7" lng="139.767" title="http://www.hosei.jp" country="jp" status="Sakai Partner" text="Hosei Univeristy" color="purple" />
<marker lat="39.329" lng="-76.619" title="http://sakai-pilot.library.jhu.edu" country="us" status="Sakai Partner in pilot" text="Johns Hopkins University University" color="green" />
<marker lat="54.047" lng="-2.802" title="http://redress.lancs.ac.uk:8080/portal" country="uk" status="Sakai Partner" text="Lancaster University" color="green" />
<marker lat="41.89873146409222" lng="-87.6289701461792" title="http://www.luc.edu" country="us" status="Sakai Partner" text="Loyola University" color="purple" />
<marker lat="33.4979" lng="-112.081" title="http://www.maricopa.edu" country="us" status="Sakai Partner" text="Maricopa County Community College District" color="purple" />
<marker lat="41.6982" lng="-73.8974" title="http://www.marist.edu" country="us" status="Sakai Partner" text="Marist College" color="purple" />
<marker lat="42.35955869313479" lng="-71.09115600585938" title="http://www.mit.edu" country="us" status="Sakai Partner" text="Massachusetts Institute of Technology" color="purple" />
<marker lat="42.33894284868893" lng="-71.08913898468018" title="http://www.northeastern.edu" country="us" status="Sakai Partner" text="Northeastern University" color="purple" />
<marker lat="40.8092" lng="-77.8868" title="http://www.psu.edu" country="us" status="Sakai Partner" text="Penn State University" color="purple" />
<marker lat="40.3563" lng="-74.6578" title="http://www.princeton.edu" country="us" status="Sakai Partner" text="Princeton University" color="purple" />
<marker color="green" lat="49.278861" lng="-122.914450" status="Pilot" text="Simon Fraser University" title="http://www.sfu.ca" country="ca"  />

<marker lat="59.333" lng="18.05" title="http://www.su.se" country="se" status="Sakai Partner" text="Stockholm University" color="purple" />
<marker lat="43.0512" lng="-76.1493" title="http://www.syr.edu" country="us" status="Sakai Partner" text="Syracuse University" color="purple" />
<marker lat="42.35052027063755" lng="-71.06422662734985" title="http://www.tufts.edu" country="us" status="Sakai Partner" text="Tufts University" color="purple" />
<marker lat="53.333" lng="-6.25" title="http://www.ucd.ie" country="ie" status="Sakai Partner" text="University College Dublin" color="purple" />

<marker lat="39.48205045504316" lng="-0.3426361083984375"
   title="http://poliformat.upv.es/portal" country="es" 
   status="Sakai Production (40,000) students" 
   text="Universidad Politecnica de Valencia" color="blue" />

<marker lat="49.25" lng="-123.133" title="http://www.ubc.ca" country="ca" status="Sakai Partner" text="University of British Columbia - Host of the June 2006 Sakai Conference" color="purple" />
<marker lat="38.533463138733936" lng="-121.76156044006348" title="https://cere.vetmed.ucdavis.edu/" country="us" status="Sakai Partner in Pilot" text="University of California Davis - Host of the 2006 Programmer's Workshop" color="blue" />
<marker lat="34.4119" lng="-119.728" title="http://www.ucsb.edu" country="us" status="Sakai Partner" text="University of California, Santa Barbara" color="purple" />
<marker lat="41.790256834329455" lng="-87.59974479675293" title="http://www.uchicago.edu" country="us" status="Sakai Partner" text="University of Chicago" color="purple" />
<marker lat="40.016" lng="-105.263" title="http://www.colorado.edu" country="us" status="Sakai Partner" text="University of Colorado at Boulder" color="purple" />
<marker lat="39.6806" lng="-75.7409" title="http://www.udel.edu" country="us" status="Sakai Partner" text="University of Delaware" color="purple" />
<marker lat="21.3084" lng="-157.846" title="http://www.hawaii.edu" country="us" status="Sakai Partner" text="University of Hawaii" color="purple" />

<marker lat="43.0725" lng="-89.3994" title="http://www.wisc.edu" country="us" status="Sakai Partner" text="University of Wisconsin, Madison" color="purple" />
<marker lat="41.19221885042551" lng="-111.94313049316406" title="http://sakai.weber.edu" country="us" status="Sakai Partner" text="Weber State University" color="green" />
<marker lat="41.19221885042551" lng="-111.94313049316406" title="http://ww.weber.edu" country="invalid_ip_address" status="Sakai Partner" text="Weber State University" color="purple" />
<marker lat="41.1347" lng="-73.7005" title="http://www.ibm.com" country="us" status="Sakai Partner" text="IBM" color="orange" />
<marker lat="40.0637527974602" lng="-75.53323745727539" title="http://www.sungardhe.com" country="us" status="Sakai Partner" text="SunGard Higher Education" color="orange" />
<marker lat="37.48383195888229" lng="-122.14876413345337" title="http://www.sun.com" country="us" status="Sakai Partner" text="Sun" color="orange" />
<marker lat="37.529927389361106" lng="-122.26540803909302" title="http://www.oracle.com" country="us" status="Sakai Partner" text="Oracle" color="orange" />
<marker lat="38.9048" lng="-77.0354" title="http://www.pearsoned.com" country="us" status="Sakai Partner" text="Pearson Education" color="orange" />
<marker lat="40.1575" lng="-75.2796" title="http://www.unisys.com" country="us" status="Sakai Partner" text="Unisys" color="orange" />

<marker lat="-32.54681317351514" lng="-243.984375" title="http://www.harvestroad.com/" 
   country="au" status="Sakai Commercial Affiliate Partner" text="HarvestRoad Ltd." 
   color="orange" />

<marker lat="33.34816781235172" lng="-111.84322357177734" title="http://www.unicon.net" country="us" status="Sakai Partner" text="Unicon" color="orange" />
<marker lat="33.5084805802834" lng="-111.98810577392578" title="http://www.rsmart.com" country="us" status="Sakai Partner" text="rSmart" color="orange" />
<marker lat="52.517" lng="13.4" title="http://www.ostrakon.org" country="de" status="Sakai Partner" text="Ostrakon" color="orange" />
<marker lat="52.35" lng="4.917" title="http://www.stoas.nl" country="nl" status="Sakai Partner" text="Stoas" color="orange" />
<marker lat="37.3319485736073" lng="-122.02960968017578" title="http://www.apple.com" country="us" status="Sakai Partner" text="Apple Computer" color="orange" />

<marker lat="-37.9090" lng="145.1310" status="Pilot"
   text="Monash University" title="http://monash.edu/"
    color="green" country="au"  />

<marker lat="33.4979" lng="-112.081" title="http://qa1-osp.sakaiproject.org:8081/portal" country="us" status="QA Server" text="" color="red" />

<marker 
  lat="40.807519"
  lng="-73.964660"
  title="http://qa2-us.sakaiproject.org:9090/portal" country="us" 
  status="QA Server" text="" color="red" />

<marker lat="39.8643" lng="-86.1477" title="http://qa2-osp.sakaiproject.org:8084/portal" country="us" status="QA Server" text="" color="red" />
<marker lat="42.3535" lng="-71.0627" title="http://qa1-us.sakaiproject.org:8580/portal" country="us" status="QA Server" text="" color="red" />
<marker lat="33.4979" lng="-112.081" title="http://osp-qa1.rsmart.com:8081/portal" country="us" status="QA Server" text="" color="red" />

<marker lat="-37.7974" lng="144.9634" title="http://www.unimelb.edu.au" country="au" status="Sakai Partner" text="University of Melbourne" color="purple" />

<marker lat="45.50709880534763" lng="-73.57157707214355" title="http://www.crim.ca" country="ca" status="Sakai Quebec (CRIM)" text="" color="purple" />

<marker  lat="-36.84775766525783" lng="174.7650146484375"
  title="http://www.auckland.ac.nz"  country="nz"  status="Sakai Partner"  
  text="The University of Auckland"  color="purple" />

<marker lat="-25.767741" lng="28.199346" title="https://my.unisa.ac.za" country="za" text="UNISA has more then 100,000 students using Sakai" status="Sakai Partner in Production" color="blue"/>
<marker lat="-33.956888" lng="18.461151" title="https://vula.uct.ac.za/portal" text="University of Cape Town" country="za" status="Sakai partner in Production" color="blue"/>
<marker lat="-30.3166667" lng="26.8" title="http://www.ufs.ac.za" text="University of the Free State" country="za" status="Sakai partner" color="purple"/>

<marker lat="-26.7167" lng="27.1000" 
    title="http://www.nwu.ac.za" 
    text="North-West University" country="za" status="Sakai partner" color="purple"/>

<marker lat="-33.917" lng="18.417" title="http://qa1-za.sakaiproject.org/portal" country="za" status="QA Server" text="" color="red"/>

<marker lat="32.2318615892926" lng="-110.95345973968506" title="http://www.arizona.edu"
  text="University of Arizona" country="us" color="purple" status="Sakai partner" />

<marker lat="32.26158802054523" lng="-111.04156494140625" title="http://bugs.sakaiproject.org"
  text="Sakai Bug/Confluence Server Hosted by University of Arizona" 
  country="us" color="red" status="Foundation server" />

<marker lat="43.51402762358483" lng="-83.96369934082031" title="http://vspace.svsu.edu/" 
  country="us" status="Production" text="Saginaw Valley State University - VSpace" color="blue" />

<marker lat="33.21196922314295" lng="-97.14687466621399" title="http://sakaipilot.unt.edu" 
  country="us" status="Sakai Partner in pilot" text="University of North Texas" color="green" />

<marker lat="52.665" lng="-8.623" title="http://www.ul.ie" country="ie" status="Sakai Partner" text="University of Limerick" color="purple" />
<marker lat="44.9631" lng="-93.4943" title="http://www.umn.edu" country="us" status="Sakai Partner" text="University of Minnesota" color="purple" />
<marker lat="40.8166" lng="-96.6738" title="http://www.unl.edu" country="us" status="Sakai Partner" text="University of Nebraska" color="purple" />
<marker lat="35.2355" lng="-97.4028" title="http://www.ou.edu" country="us" status="Sakai Partner" text="University of Oaklahoma" color="purple" />
<marker lat="59.917" lng="10.75" title="http://www.uio.no" country="no" status="Sakai Partner" text="University of Oslo" color="purple" />
<marker lat="30.3811" lng="-97.7581" title="http://www.utexas.edu" country="us" status="Sakai Partner" text="University of Texas at Austin" color="purple" />
<marker lat="43.667" lng="-79.417" title="http://kmdi.utoronto.ca" country="ca" status="Sakai Partner" text="University of Toronto, Knowledge Media Design Institute" color="purple" />
<marker lat="38.0613" lng="-78.4749" title="http://www.virginia.edu" country="us" status="Sakai Partner" text="University of Virginia" color="purple" />
<marker lat="47.6014" lng="-122.33" title="http://www.washington.edu" country="us" status="Sakai Partner" text="University of Washington" color="purple" />

<marker lat="30.05" lng="31.25" title="http://www.mpgc-heepf.eng.cu.edu.eg" country="eg" status="Sakai Server" text="Cairo University" color="yellow" />
<marker lat="41.9" lng="12.483" title="http://rp.csedu.unisa.it" country="it" status="Sakai Server" text="Running Platform" color="yellow" />
<marker lat="6.25" lng="-75.583" title="http://www.ceipa.edu.co" country="co" status="Sakai Server" text="La Universidad de LA Empresa" color="yellow" />
<marker lat="51.05" lng="3.717" title="http://portfolio.hogent.be/portal" country="be" status="Sakai Server" text="Hogeschool Gent" color="yellow" />

<marker lat="41.9076" lng="-84.0644" title="http://sakai.adrian.edu:8080/portal" country="us" status="Sakai Server" text="Adrian College" color="yellow" />
<marker lat="33.9401" lng="-84.2053" title="http://webcenter.aahe.org" country="us" text="American Association of Higher Education" status="Sakai Partner" color="yellow" />


<marker lat="55.928528945583984" lng="-4.682064056396484" title="http://www.aers.org.uk/portal" country="uk" status="Sakai server" text="Sakai Virtual Research and Collaboration Environment for the Applied Educational Research Scheme of Scotland (hosted by CARET)" color="blue" />
<marker lat="52.205" lng="0.174" title="http://www.aers.org.uk/portal" country="uk" status="Sakai production" color="blue" text="Sakai Virtual Research and Collaboration Environment for the Applied Educational Research Scheme of Scotland" />

<marker lat="53.343582946474655" lng="-2.632598876953125" title="http://rhine.dl.ac.uk:8080/portal"
  text="Daresbury Laboratory, CCLRC" country="uk" status="Sakai in pilot" color="yellow" />

<marker lat="52.621549015001584" lng="1.2415838241577148" title="http://vre.his.uea.ac.uk/portal" country="uk" status="Sakai partner in pilot" color="green" text="University of East Anglia"/>
<marker lat="53.73246635451261" lng="-0.38452148437554.15" title="http://vre.his.uea.ac.uk/portal/" country="uk" status="Sakai in Pilot" text="University of Hull" color="green" />

<marker lat="43.3071924816119" lng="-0.35121917724609375"
  title="http://sakai-paris6.research.pau.eisti.fr/portal" country="fr" status="Sakai Server" 
  text="Ecole Internationale des Sciences du Traitement de l'Information" color="yellow" />
</markers>
